"","speaker_role","word","target_child_age_months","count","total","rel_freq","ppt"
"1","Father","and",12,2,172,0.0116279069767442,11.6279069767442
"2","Father","and",13,2,409,0.00488997555012225,4.88997555012225
"3","Father","and",14,48,5730,0.00837696335078534,8.37696335078534
"4","Father","and",15,32,3495,0.00915593705293276,9.15593705293276
"5","Father","and",16,221,16496,0.0133971871968962,13.3971871968962
"6","Father","and",17,324,23770,0.0136306268405553,13.6306268405553
"7","Father","and",18,429,21358,0.0200861503886132,20.0861503886132
"8","Father","and",19,91,8616,0.0105617455896007,10.5617455896007
"9","Father","and",20,209,8915,0.0234436343241727,23.4436343241727
"10","Father","and",21,259,15253,0.0169802661771455,16.9802661771455
"11","Father","and",22,411,24617,0.0166957793394808,16.6957793394808
"12","Father","and",23,627,24714,0.025370235494052,25.370235494052
"13","Father","and",24,850,49642,0.0171225978002498,17.1225978002498
"14","Father","and",25,377,25063,0.0150420939233132,15.0420939233132
"15","Father","and",26,539,27653,0.0194915560698658,19.4915560698658
"16","Father","and",27,217,16135,0.0134490238611714,13.4490238611714
"17","Father","and",28,303,20845,0.0145358599184457,14.5358599184457
"18","Father","and",29,482,28623,0.0168396045138525,16.8396045138525
"19","Father","and",30,837,47199,0.0177334265556474,17.7334265556474
"20","Father","and",31,345,25772,0.0133866211392209,13.3866211392209
"21","Father","and",32,507,28192,0.0179838251986379,17.9838251986379
"22","Father","and",33,454,32796,0.0138431516038541,13.8431516038541
"23","Father","and",34,525,38019,0.0138088850311686,13.8088850311686
"24","Father","and",35,654,37182,0.0175891560432467,17.5891560432467
"25","Father","and",36,1094,68576,0.0159531031264582,15.9531031264582
"26","Father","and",37,336,22413,0.014991299692143,14.991299692143
"27","Father","and",38,288,18810,0.015311004784689,15.311004784689
"28","Father","and",39,328,23879,0.0137359185895557,13.7359185895557
"29","Father","and",40,264,17658,0.0149507305470608,14.9507305470608
"30","Father","and",41,278,15481,0.0179574962857697,17.9574962857697
"31","Father","and",42,147,12423,0.0118328906061338,11.8328906061338
"32","Father","and",43,284,17145,0.0165645960921551,16.5645960921551
"33","Father","and",44,149,12183,0.0122301567758352,12.2301567758352
"34","Father","and",45,108,9695,0.0111397627643115,11.1397627643115
"35","Father","and",46,297,17017,0.0174531351001939,17.4531351001939
"36","Father","and",47,168,11221,0.0149719276356831,14.9719276356831
"37","Father","and",48,366,17337,0.0211109188440907,21.1109188440907
"38","Father","and",49,140,8563,0.0163494102534159,16.3494102534159
"39","Father","and",50,212,14876,0.0142511427803173,14.2511427803173
"40","Father","and",51,193,13198,0.0146234277920897,14.6234277920897
"41","Father","and",52,263,13019,0.0202012443352024,20.2012443352024
"42","Father","and",53,67,4501,0.014885580982004,14.885580982004
"43","Father","and",54,87,6540,0.013302752293578,13.302752293578
"44","Father","and",55,29,2871,0.0101010101010101,10.1010101010101
"45","Father","and",56,113,6060,0.0186468646864686,18.6468646864686
"46","Father","and",57,938,64085,0.0146368104860732,14.6368104860732
"47","Father","and",58,67,3919,0.0170961980096964,17.0961980096964
"48","Father","and",59,144,9425,0.0152785145888594,15.2785145888594
"49","Father","and",60,20,2191,0.00912825193975354,9.12825193975354
"50","Father","and",61,94,4259,0.0220709086640056,22.0709086640056
"51","Father","and",62,23,2995,0.00767946577629382,7.67946577629382
"52","Father","and",63,98,5377,0.0182257764552725,18.2257764552725
"53","Father","and",64,19,2218,0.00856627592425609,8.56627592425609
"54","Father","and",65,12,625,0.0192,19.2
"55","Father","and",66,24,1606,0.0149439601494396,14.9439601494396
"56","Father","and",67,7,551,0.0127041742286751,12.7041742286751
"57","Father","and",68,6,288,0.0208333333333333,20.8333333333333
"58","Father","and",69,46,3514,0.0130904951622083,13.0904951622083
"59","Father","and",70,30,1722,0.0174216027874564,17.4216027874564
"60","Father","and",71,4,168,0.0238095238095238,23.8095238095238
"61","Father","or",14,7,5730,0.0012216404886562,1.2216404886562
"62","Father","or",15,4,3495,0.0011444921316166,1.1444921316166
"63","Father","or",16,15,16496,0.000909311348205626,0.909311348205626
"64","Father","or",17,14,23770,0.000588977702986958,0.588977702986958
"65","Father","or",18,37,21358,0.00173237194493866,1.73237194493866
"66","Father","or",19,13,8616,0.00150882079851439,1.50882079851439
"67","Father","or",20,6,8915,0.000673022994952328,0.673022994952328
"68","Father","or",21,10,15253,0.00065560873270832,0.65560873270832
"69","Father","or",22,31,24617,0.00125929235893894,1.25929235893894
"70","Father","or",23,22,24714,0.000890183701545683,0.890183701545683
"71","Father","or",24,57,49642,0.00114822126425204,1.14822126425204
"72","Father","or",25,41,25063,0.00163587758847704,1.63587758847704
"73","Father","or",26,46,27653,0.00166347231765089,1.66347231765089
"74","Father","or",27,28,16135,0.0017353579175705,1.7353579175705
"75","Father","or",28,26,20845,0.00124730151115375,1.24730151115375
"76","Father","or",29,49,28623,0.00171191000244559,1.71191000244559
"77","Father","or",30,51,47199,0.00108053136718998,1.08053136718998
"78","Father","or",31,42,25772,0.00162967561694863,1.62967561694863
"79","Father","or",32,58,28192,0.00205732122587968,2.05732122587968
"80","Father","or",33,60,32796,0.00182949140139041,1.82949140139041
"81","Father","or",34,80,38019,0.00210421105236855,2.10421105236855
"82","Father","or",35,49,37182,0.00131784196654295,1.31784196654295
"83","Father","or",36,110,68576,0.00160405972935138,1.60405972935138
"84","Father","or",37,46,22413,0.00205238031499576,2.05238031499576
"85","Father","or",38,35,18810,0.00186071238702818,1.86071238702818
"86","Father","or",39,37,23879,0.0015494786213828,1.5494786213828
"87","Father","or",40,27,17658,0.00152905198776758,1.52905198776758
"88","Father","or",41,40,15481,0.00258381241521866,2.58381241521866
"89","Father","or",42,16,12423,0.00128793367141592,1.28793367141592
"90","Father","or",43,50,17145,0.00291630212890055,2.91630212890055
"91","Father","or",44,22,12183,0.00180579496019043,1.80579496019043
"92","Father","or",45,21,9695,0.00216606498194946,2.16606498194946
"93","Father","or",46,37,17017,0.00217429629194335,2.17429629194335
"94","Father","or",47,27,11221,0.00240620265573478,2.40620265573478
"95","Father","or",48,51,17337,0.00294168541270116,2.94168541270116
"96","Father","or",49,26,8563,0.00303631904706295,3.03631904706295
"97","Father","or",50,34,14876,0.00228556063457919,2.28556063457919
"98","Father","or",51,26,13198,0.00196999545385664,1.96999545385664
"99","Father","or",52,19,13019,0.00145940548429219,1.45940548429219
"100","Father","or",53,13,4501,0.00288824705620973,2.88824705620973
"101","Father","or",54,24,6540,0.0036697247706422,3.6697247706422
"102","Father","or",55,7,2871,0.00243817485196796,2.43817485196796
"103","Father","or",56,18,6060,0.00297029702970297,2.97029702970297
"104","Father","or",57,168,64085,0.00262151829601311,2.62151829601311
"105","Father","or",58,7,3919,0.00178616994131156,1.78616994131156
"106","Father","or",59,17,9425,0.00180371352785146,1.80371352785146
"107","Father","or",60,5,2191,0.00228206298493838,2.28206298493838
"108","Father","or",61,8,4259,0.00187837520544729,1.87837520544729
"109","Father","or",62,3,2995,0.0010016694490818,1.0016694490818
"110","Father","or",63,12,5377,0.00223172772921704,2.23172772921704
"111","Father","or",64,1,2218,0.000450856627592426,0.450856627592426
"112","Father","or",65,3,625,0.0048,4.8
"113","Father","or",66,7,1606,0.00435865504358655,4.35865504358655
"114","Father","or",67,1,551,0.00181488203266788,1.81488203266788
"115","Father","or",69,16,3514,0.00455321570859419,4.55321570859419
"116","Father","or",70,3,1722,0.00174216027874564,1.74216027874564
"117","Father","other",12,170,172,0.988372093023256,988.372093023256
"118","Father","other",13,407,409,0.995110024449878,995.110024449878
"119","Father","other",14,5675,5730,0.990401396160558,990.401396160558
"120","Father","other",15,3459,3495,0.989699570815451,989.699570815451
"121","Father","other",16,16260,16496,0.985693501454898,985.693501454898
"122","Father","other",17,23432,23770,0.985780395456458,985.780395456458
"123","Father","other",18,20892,21358,0.978181477666448,978.181477666448
"124","Father","other",19,8512,8616,0.987929433611885,987.929433611885
"125","Father","other",20,8700,8915,0.975883342680875,975.883342680875
"126","Father","other",21,14984,15253,0.982364125090146,982.364125090146
"127","Father","other",22,24175,24617,0.98204492830158,982.04492830158
"128","Father","other",23,24065,24714,0.973739580804402,973.739580804402
"129","Father","other",24,48735,49642,0.981729180935498,981.729180935498
"130","Father","other",25,24645,25063,0.98332202848821,983.32202848821
"131","Father","other",26,27068,27653,0.978844971612483,978.844971612483
"132","Father","other",27,15890,16135,0.984815618221258,984.815618221258
"133","Father","other",28,20516,20845,0.984216838570401,984.216838570401
"134","Father","other",29,28092,28623,0.981448485483702,981.448485483702
"135","Father","other",30,46311,47199,0.981186042077163,981.186042077163
"136","Father","other",31,25385,25772,0.984983703243831,984.983703243831
"137","Father","other",32,27627,28192,0.979958853575482,979.958853575482
"138","Father","other",33,32282,32796,0.984327356994755,984.327356994756
"139","Father","other",34,37414,38019,0.984086903916463,984.086903916463
"140","Father","other",35,36479,37182,0.98109300199021,981.09300199021
"141","Father","other",36,67372,68576,0.98244283714419,982.44283714419
"142","Father","other",37,22031,22413,0.982956319992861,982.956319992861
"143","Father","other",38,18487,18810,0.982828282828283,982.828282828283
"144","Father","other",39,23514,23879,0.984714602789062,984.714602789062
"145","Father","other",40,17367,17658,0.983520217465172,983.520217465172
"146","Father","other",41,15163,15481,0.979458691299012,979.458691299012
"147","Father","other",42,12260,12423,0.98687917572245,986.87917572245
"148","Father","other",43,16811,17145,0.980519101778944,980.519101778944
"149","Father","other",44,12012,12183,0.985964048263974,985.964048263974
"150","Father","other",45,9566,9695,0.986694172253739,986.694172253739
"151","Father","other",46,16683,17017,0.980372568607863,980.372568607863
"152","Father","other",47,11026,11221,0.982621869708582,982.621869708582
"153","Father","other",48,16920,17337,0.975947395743208,975.947395743208
"154","Father","other",49,8397,8563,0.980614270699521,980.614270699521
"155","Father","other",50,14630,14876,0.983463296585104,983.463296585104
"156","Father","other",51,12979,13198,0.983406576754054,983.406576754054
"157","Father","other",52,12737,13019,0.978339350180505,978.339350180505
"158","Father","other",53,4421,4501,0.982226171961786,982.226171961786
"159","Father","other",54,6429,6540,0.98302752293578,983.02752293578
"160","Father","other",55,2835,2871,0.987460815047022,987.460815047022
"161","Father","other",56,5929,6060,0.978382838283828,978.382838283828
"162","Father","other",57,62979,64085,0.982741671217914,982.741671217914
"163","Father","other",58,3845,3919,0.981117632048992,981.117632048992
"164","Father","other",59,9264,9425,0.982917771883289,982.917771883289
"165","Father","other",60,2166,2191,0.988589685075308,988.589685075308
"166","Father","other",61,4157,4259,0.976050716130547,976.050716130547
"167","Father","other",62,2969,2995,0.991318864774624,991.318864774624
"168","Father","other",63,5267,5377,0.979542495815511,979.542495815511
"169","Father","other",64,2198,2218,0.990982867448151,990.982867448151
"170","Father","other",65,610,625,0.976,976
"171","Father","other",66,1575,1606,0.980697384806974,980.697384806974
"172","Father","other",67,543,551,0.985480943738657,985.480943738657
"173","Father","other",68,282,288,0.979166666666667,979.166666666667
"174","Father","other",69,3452,3514,0.982356289129197,982.356289129198
"175","Father","other",70,1689,1722,0.980836236933798,980.836236933798
"176","Father","other",71,164,168,0.976190476190476,976.190476190476
"177","Mother","and",12,374,29855,0.0125272148718808,12.5272148718808
"178","Mother","and",13,335,25909,0.0129298699293682,12.9298699293682
"179","Mother","and",14,854,78394,0.010893690843687,10.893690843687
"180","Mother","and",15,686,40349,0.0170016605120325,17.0016605120325
"181","Mother","and",16,815,51221,0.0159114425723824,15.9114425723824
"182","Mother","and",17,838,58292,0.0143759006381665,14.3759006381665
"183","Mother","and",18,1235,85612,0.014425547820399,14.425547820399
"184","Mother","and",19,1781,128474,0.0138627270887495,13.8627270887495
"185","Mother","and",20,1821,134253,0.0135639427051909,13.5639427051909
"186","Mother","and",21,1774,120363,0.0147387486187616,14.7387486187616
"187","Mother","and",22,1647,111685,0.0147468326095716,14.7468326095716
"188","Mother","and",23,2659,199126,0.013353354157669,13.353354157669
"189","Mother","and",24,7125,432656,0.0164680485189157,16.4680485189157
"190","Mother","and",25,7012,409777,0.0171117461448544,17.1117461448544
"191","Mother","and",26,6840,393328,0.0173900663059838,17.3900663059838
"192","Mother","and",27,6612,375231,0.0176211453744493,17.6211453744493
"193","Mother","and",28,7791,425116,0.0183267625777435,18.3267625777435
"194","Mother","and",29,6929,417340,0.0166027699238031,16.6027699238031
"195","Mother","and",30,7093,422761,0.016777801168982,16.777801168982
"196","Mother","and",31,7920,430865,0.0183816276559943,18.3816276559943
"197","Mother","and",32,6392,357504,0.0178795202291443,17.8795202291443
"198","Mother","and",33,7337,398866,0.0183946488294314,18.3946488294314
"199","Mother","and",34,6428,356279,0.0180420400865614,18.0420400865614
"200","Mother","and",35,5761,292340,0.0197065061230075,19.7065061230075
"201","Mother","and",36,9261,470847,0.0196688096133139,19.6688096133139
"202","Mother","and",37,4444,214410,0.0207266452124435,20.7266452124435
"203","Mother","and",38,2409,129993,0.0185317670951513,18.5317670951513
"204","Mother","and",39,2606,133842,0.0194707192062282,19.4707192062282
"205","Mother","and",40,1613,91927,0.0175465314869407,17.5465314869407
"206","Mother","and",41,1183,64016,0.0184797550612347,18.4797550612347
"207","Mother","and",42,1541,68177,0.0226029306070962,22.6029306070962
"208","Mother","and",43,1344,69714,0.0192787675359325,19.2787675359325
"209","Mother","and",44,1712,81039,0.0211256308690877,21.1256308690877
"210","Mother","and",45,2379,107760,0.0220768374164811,22.0768374164811
"211","Mother","and",46,1994,85166,0.0234130991240636,23.4130991240636
"212","Mother","and",47,1739,68209,0.0254951692591887,25.4951692591887
"213","Mother","and",48,2053,90651,0.022647295672414,22.647295672414
"214","Mother","and",49,1505,68689,0.0219103495465067,21.9103495465067
"215","Mother","and",50,1264,66796,0.0189232888196898,18.9232888196898
"216","Mother","and",51,1383,64565,0.0214202741423372,21.4202741423372
"217","Mother","and",52,946,49168,0.0192401561991539,19.2401561991539
"218","Mother","and",53,1416,61912,0.0228711719860447,22.8711719860447
"219","Mother","and",54,1322,60725,0.0217702758336764,21.7702758336764
"220","Mother","and",55,1204,54495,0.0220937700706487,22.0937700706487
"221","Mother","and",56,989,52471,0.0188485067942292,18.8485067942292
"222","Mother","and",57,4972,255849,0.0194333376327443,19.4333376327443
"223","Mother","and",58,1134,50269,0.0225586345461418,22.5586345461418
"224","Mother","and",59,1390,62429,0.022265293373272,22.265293373272
"225","Mother","and",60,496,24605,0.0201585043690307,20.1585043690307
"226","Mother","and",61,215,10602,0.0202791926051688,20.2791926051688
"227","Mother","and",62,259,13615,0.0190231362467866,19.0231362467866
"228","Mother","and",63,267,13489,0.0197939061457484,19.7939061457484
"229","Mother","and",64,350,17656,0.0198232895333031,19.8232895333031
"230","Mother","and",65,247,13134,0.0188061519719811,18.8061519719811
"231","Mother","and",66,337,23360,0.0144263698630137,14.4263698630137
"232","Mother","and",67,540,29989,0.0180066024208877,18.0066024208877
"233","Mother","and",68,331,16398,0.0201853884620076,20.1853884620076
"234","Mother","and",69,413,23190,0.0178094006037085,17.8094006037085
"235","Mother","and",70,249,14260,0.0174614305750351,17.4614305750351
"236","Mother","and",71,215,12465,0.0172482952266346,17.2482952266346
"237","Mother","or",12,36,29855,0.00120582816948585,1.20582816948585
"238","Mother","or",13,18,25909,0.000694739279786947,0.694739279786947
"239","Mother","or",14,61,78394,0.000778120774549073,0.778120774549073
"240","Mother","or",15,46,40349,0.00114005303724999,1.14005303724999
"241","Mother","or",16,59,51221,0.00115187130278597,1.15187130278597
"242","Mother","or",17,68,58292,0.00116654086324024,1.16654086324024
"243","Mother","or",18,66,85612,0.000770919964490959,0.770919964490959
"244","Mother","or",19,139,128474,0.00108193097436057,1.08193097436057
"245","Mother","or",20,130,134253,0.000968321005862066,0.968321005862066
"246","Mother","or",21,151,120363,0.00125453835481003,1.25453835481003
"247","Mother","or",22,144,111685,0.00128934055602811,1.28934055602811
"248","Mother","or",23,234,199126,0.0011751353414421,1.1751353414421
"249","Mother","or",24,458,432656,0.00105857771532118,1.05857771532118
"250","Mother","or",25,547,409777,0.00133487238180767,1.33487238180767
"251","Mother","or",26,535,393328,0.00136018793475166,1.36018793475166
"252","Mother","or",27,578,375231,0.00154038445650812,1.54038445650812
"253","Mother","or",28,624,425116,0.00146783466159825,1.46783466159825
"254","Mother","or",29,767,417340,0.00183783006661235,1.83783006661235
"255","Mother","or",30,637,422761,0.00150676150354456,1.50676150354456
"256","Mother","or",31,801,430865,0.00185905097884488,1.85905097884488
"257","Mother","or",32,571,357504,0.00159718492660222,1.59718492660222
"258","Mother","or",33,648,398866,0.00162460575732201,1.62460575732201
"259","Mother","or",34,679,356279,0.00190580977267815,1.90580977267815
"260","Mother","or",35,533,292340,0.00182321953889307,1.82321953889307
"261","Mother","or",36,761,470847,0.00161623627207989,1.61623627207989
"262","Mother","or",37,430,214410,0.00200550347465137,2.00550347465137
"263","Mother","or",38,283,129993,0.00217704030217012,2.17704030217012
"264","Mother","or",39,261,133842,0.00195006051911956,1.95006051911956
"265","Mother","or",40,172,91927,0.00187104985477607,1.87104985477607
"266","Mother","or",41,163,64016,0.0025462384403899,2.5462384403899
"267","Mother","or",42,172,68177,0.00252284494770964,2.52284494770964
"268","Mother","or",43,169,69714,0.00242419026307485,2.42419026307485
"269","Mother","or",44,131,81039,0.00161650563309024,1.61650563309024
"270","Mother","or",45,201,107760,0.0018652561247216,1.8652561247216
"271","Mother","or",46,159,85166,0.00186694220698401,1.86694220698401
"272","Mother","or",47,178,68209,0.00260962629565013,2.60962629565013
"273","Mother","or",48,200,90651,0.00220626358231018,2.20626358231018
"274","Mother","or",49,169,68689,0.0024603648327971,2.4603648327971
"275","Mother","or",50,163,66796,0.00244026588418468,2.44026588418468
"276","Mother","or",51,167,64565,0.00258654069542322,2.58654069542322
"277","Mother","or",52,136,49168,0.00276602668402213,2.76602668402213
"278","Mother","or",53,117,61912,0.0018897790412198,1.8897790412198
"279","Mother","or",54,138,60725,0.0022725401399753,2.2725401399753
"280","Mother","or",55,118,54495,0.00216533626938251,2.16533626938251
"281","Mother","or",56,123,52471,0.00234415200777572,2.34415200777572
"282","Mother","or",57,640,255849,0.00250147547967747,2.50147547967747
"283","Mother","or",58,120,50269,0.00238715709482982,2.38715709482982
"284","Mother","or",59,131,62429,0.00209838376395585,2.09838376395585
"285","Mother","or",60,34,24605,0.00138183296078033,1.38183296078033
"286","Mother","or",61,19,10602,0.0017921146953405,1.7921146953405
"287","Mother","or",62,26,13615,0.00190965846492839,1.90965846492839
"288","Mother","or",63,22,13489,0.00163095855882571,1.63095855882571
"289","Mother","or",64,26,17656,0.00147258722247395,1.47258722247395
"290","Mother","or",65,34,13134,0.00258870108116339,2.58870108116339
"291","Mother","or",66,60,23360,0.00256849315068493,2.56849315068493
"292","Mother","or",67,90,29989,0.00300110040348128,3.00110040348128
"293","Mother","or",68,26,16398,0.00158555921453836,1.58555921453836
"294","Mother","or",69,48,23190,0.00206985769728331,2.06985769728331
"295","Mother","or",70,36,14260,0.00252454417952314,2.52454417952314
"296","Mother","or",71,35,12465,0.00280786201363819,2.80786201363819
"297","Mother","other",12,29445,29855,0.986266956958633,986.266956958633
"298","Mother","other",13,25556,25909,0.986375390790845,986.375390790845
"299","Mother","other",14,77479,78394,0.988328188381764,988.328188381764
"300","Mother","other",15,39617,40349,0.981858286450717,981.858286450718
"301","Mother","other",16,50347,51221,0.982936686124832,982.936686124832
"302","Mother","other",17,57386,58292,0.984457558498593,984.457558498593
"303","Mother","other",18,84311,85612,0.98480353221511,984.80353221511
"304","Mother","other",19,126554,128474,0.98505534193689,985.05534193689
"305","Mother","other",20,132302,134253,0.985467736288947,985.467736288947
"306","Mother","other",21,118438,120363,0.984006713026428,984.006713026428
"307","Mother","other",22,109894,111685,0.9839638268344,983.9638268344
"308","Mother","other",23,196233,199126,0.985471510500889,985.471510500889
"309","Mother","other",24,425073,432656,0.982473373765763,982.473373765763
"310","Mother","other",25,402218,409777,0.981553381473338,981.553381473338
"311","Mother","other",26,385953,393328,0.981249745759264,981.249745759264
"312","Mother","other",27,368041,375231,0.980838470169043,980.838470169043
"313","Mother","other",28,416701,425116,0.980205402760658,980.205402760658
"314","Mother","other",29,409644,417340,0.981559400009585,981.559400009585
"315","Mother","other",30,415031,422761,0.981715437327473,981.715437327473
"316","Mother","other",31,422144,430865,0.979759321365161,979.759321365161
"317","Mother","other",32,350541,357504,0.980523294844253,980.523294844254
"318","Mother","other",33,390881,398866,0.979980745413247,979.980745413246
"319","Mother","other",34,349172,356279,0.980052150140761,980.052150140761
"320","Mother","other",35,286046,292340,0.9784702743381,978.4702743381
"321","Mother","other",36,460825,470847,0.978714954114606,978.714954114606
"322","Mother","other",37,209536,214410,0.977267851312905,977.267851312905
"323","Mother","other",38,127301,129993,0.979291192602679,979.291192602679
"324","Mother","other",39,130975,133842,0.978579220274652,978.579220274652
"325","Mother","other",40,90142,91927,0.980582418658283,980.582418658283
"326","Mother","other",41,62670,64016,0.978974006498375,978.974006498375
"327","Mother","other",42,66464,68177,0.974874224445194,974.874224445194
"328","Mother","other",43,68201,69714,0.978297042200993,978.297042200993
"329","Mother","other",44,79196,81039,0.977257863497822,977.257863497822
"330","Mother","other",45,105180,107760,0.976057906458797,976.057906458797
"331","Mother","other",46,83013,85166,0.974719958668952,974.719958668952
"332","Mother","other",47,66292,68209,0.971895204445161,971.895204445161
"333","Mother","other",48,88398,90651,0.975146440745276,975.146440745276
"334","Mother","other",49,67015,68689,0.975629285620696,975.629285620696
"335","Mother","other",50,65369,66796,0.978636445296125,978.636445296125
"336","Mother","other",51,63015,64565,0.97599318516224,975.99318516224
"337","Mother","other",52,48086,49168,0.977993817116824,977.993817116824
"338","Mother","other",53,60379,61912,0.975239048972736,975.239048972736
"339","Mother","other",54,59265,60725,0.975957184026348,975.957184026348
"340","Mother","other",55,53173,54495,0.975740893659969,975.740893659969
"341","Mother","other",56,51359,52471,0.978807341197995,978.807341197995
"342","Mother","other",57,250237,255849,0.978065186887578,978.065186887578
"343","Mother","other",58,49015,50269,0.975054208359028,975.054208359029
"344","Mother","other",59,60908,62429,0.975636322862772,975.636322862772
"345","Mother","other",60,24075,24605,0.978459662670189,978.459662670189
"346","Mother","other",61,10368,10602,0.977928692699491,977.928692699491
"347","Mother","other",62,13330,13615,0.979067205288285,979.067205288285
"348","Mother","other",63,13200,13489,0.978575135295426,978.575135295426
"349","Mother","other",64,17280,17656,0.978704123244223,978.704123244223
"350","Mother","other",65,12853,13134,0.978605146946856,978.605146946855
"351","Mother","other",66,22963,23360,0.983005136986301,983.005136986301
"352","Mother","other",67,29359,29989,0.978992297175631,978.992297175631
"353","Mother","other",68,16041,16398,0.978229052323454,978.229052323454
"354","Mother","other",69,22729,23190,0.980120741699008,980.120741699008
"355","Mother","other",70,13975,14260,0.980014025245442,980.014025245442
"356","Mother","other",71,12215,12465,0.979943842759727,979.943842759727
"357","Target_Child","and",14,1,6238,0.000160307790958641,0.160307790958641
"358","Target_Child","and",15,3,9231,0.00032499187520312,0.32499187520312
"359","Target_Child","and",16,5,12599,0.000396856893404238,0.396856893404238
"360","Target_Child","and",17,18,15661,0.00114935189323798,1.14935189323798
"361","Target_Child","and",18,55,24070,0.00228500207727462,2.28500207727462
"362","Target_Child","and",19,43,30274,0.00142036070555592,1.42036070555592
"363","Target_Child","and",20,133,35480,0.00374859075535513,3.74859075535513
"364","Target_Child","and",21,358,47918,0.00747109645644643,7.47109645644643
"365","Target_Child","and",22,333,49686,0.00670208911967154,6.70208911967154
"366","Target_Child","and",23,724,77671,0.00932136833567226,9.32136833567226
"367","Target_Child","and",24,1148,184344,0.00622748774031159,6.22748774031159
"368","Target_Child","and",25,1104,146195,0.00755155785081569,7.55155785081569
"369","Target_Child","and",26,1565,152184,0.0102836040582453,10.2836040582453
"370","Target_Child","and",27,2244,163906,0.0136907739802082,13.6907739802082
"371","Target_Child","and",28,2734,177560,0.0153976120747916,15.3976120747916
"372","Target_Child","and",29,3504,218047,0.0160699298775035,16.0699298775035
"373","Target_Child","and",30,3028,214396,0.0141233978245863,14.1233978245863
"374","Target_Child","and",31,4202,219577,0.0191367948373464,19.1367948373464
"375","Target_Child","and",32,3480,196417,0.0177174073527241,17.7174073527241
"376","Target_Child","and",33,3083,204947,0.0150429135337429,15.0429135337429
"377","Target_Child","and",34,3274,205309,0.0159466949817105,15.9466949817105
"378","Target_Child","and",35,2990,165793,0.0180345370431804,18.0345370431804
"379","Target_Child","and",36,5930,322547,0.0183849175469001,18.3849175469001
"380","Target_Child","and",37,2452,131118,0.0187007123354536,18.7007123354536
"381","Target_Child","and",38,1972,99166,0.0198858479720872,19.8858479720872
"382","Target_Child","and",39,1912,98819,0.0193485058541374,19.3485058541374
"383","Target_Child","and",40,1731,74358,0.023279270555959,23.279270555959
"384","Target_Child","and",41,1337,64539,0.0207161561226545,20.7161561226545
"385","Target_Child","and",42,1309,61791,0.021184314867861,21.184314867861
"386","Target_Child","and",43,1234,55327,0.0223037576590092,22.3037576590092
"387","Target_Child","and",44,1429,61235,0.0233363272638197,23.3363272638197
"388","Target_Child","and",45,1203,60459,0.0198977819679452,19.8977819679452
"389","Target_Child","and",46,1231,56405,0.0218243063558195,21.8243063558195
"390","Target_Child","and",47,858,44202,0.0194108863852314,19.4108863852314
"391","Target_Child","and",48,1553,58797,0.0264129122234128,26.4129122234128
"392","Target_Child","and",49,852,42597,0.0200014085498979,20.0014085498979
"393","Target_Child","and",50,1171,49349,0.0237289509412551,23.7289509412551
"394","Target_Child","and",51,845,42463,0.0198996773661776,19.8996773661776
"395","Target_Child","and",52,1097,47053,0.0233141351242216,23.3141351242216
"396","Target_Child","and",53,571,31656,0.0180376547889816,18.0376547889816
"397","Target_Child","and",54,734,43525,0.0168638713383113,16.8638713383113
"398","Target_Child","and",55,720,36858,0.0195344294318737,19.5344294318737
"399","Target_Child","and",56,870,34080,0.0255281690140845,25.5281690140845
"400","Target_Child","and",57,5759,341451,0.0168662560660241,16.8662560660241
"401","Target_Child","and",58,787,38318,0.0205386502427058,20.5386502427058
"402","Target_Child","and",59,913,38812,0.0235236524786149,23.5236524786149
"403","Target_Child","and",60,874,29688,0.0294395041767718,29.4395041767718
"404","Target_Child","and",61,618,18777,0.0329126058475795,32.9126058475795
"405","Target_Child","and",62,526,19782,0.0265898291375998,26.5898291375998
"406","Target_Child","and",63,438,15327,0.0285770209434332,28.5770209434332
"407","Target_Child","and",64,189,9002,0.02099533437014,20.99533437014
"408","Target_Child","and",65,239,8604,0.0277777777777778,27.7777777777778
"409","Target_Child","and",66,364,13190,0.0275966641394996,27.5966641394996
"410","Target_Child","and",67,467,16576,0.0281732625482625,28.1732625482625
"411","Target_Child","and",68,754,14819,0.050880626223092,50.880626223092
"412","Target_Child","and",69,601,17443,0.0344550822679585,34.4550822679585
"413","Target_Child","and",70,370,11071,0.0334206485412339,33.4206485412339
"414","Target_Child","and",71,504,9555,0.0527472527472527,52.7472527472527
"415","Target_Child","or",13,1,2214,0.0004516711833785,0.4516711833785
"416","Target_Child","or",17,1,15661,6.38528829576655e-05,0.0638528829576655
"417","Target_Child","or",19,1,30274,3.3031644315254e-05,0.033031644315254
"418","Target_Child","or",20,2,35480,5.6369785794814e-05,0.056369785794814
"419","Target_Child","or",21,6,47918,0.000125213907091281,0.125213907091281
"420","Target_Child","or",23,6,77671,7.72489088591624e-05,0.0772489088591624
"421","Target_Child","or",24,32,184344,0.000173588508440741,0.173588508440741
"422","Target_Child","or",25,12,146195,8.20821505523445e-05,0.0820821505523445
"423","Target_Child","or",26,35,152184,0.00022998475529622,0.22998475529622
"424","Target_Child","or",27,15,163906,9.15158688516589e-05,0.0915158688516589
"425","Target_Child","or",28,27,177560,0.000152061275061951,0.152061275061951
"426","Target_Child","or",29,34,218047,0.000155929684884452,0.155929684884452
"427","Target_Child","or",30,26,214396,0.000121270919233568,0.121270919233568
"428","Target_Child","or",31,97,219577,0.000441758471971108,0.441758471971108
"429","Target_Child","or",32,139,196417,0.000707678052307081,0.707678052307081
"430","Target_Child","or",33,73,204947,0.000356189649031213,0.356189649031213
"431","Target_Child","or",34,107,205309,0.000521165657618516,0.521165657618517
"432","Target_Child","or",35,106,165793,0.000639351480460574,0.639351480460574
"433","Target_Child","or",36,257,322547,0.000796783104477797,0.796783104477797
"434","Target_Child","or",37,74,131118,0.00056437712594762,0.56437712594762
"435","Target_Child","or",38,63,99166,0.000635298388560595,0.635298388560595
"436","Target_Child","or",39,51,98819,0.000516095082929396,0.516095082929396
"437","Target_Child","or",40,47,74358,0.000632077247908766,0.632077247908766
"438","Target_Child","or",41,55,64539,0.000852197895845923,0.852197895845923
"439","Target_Child","or",42,54,61791,0.000873913676749041,0.873913676749041
"440","Target_Child","or",43,47,55327,0.000849494821696459,0.849494821696459
"441","Target_Child","or",44,47,61235,0.000767534906507716,0.767534906507716
"442","Target_Child","or",45,20,60459,0.000330802692733919,0.330802692733919
"443","Target_Child","or",46,45,56405,0.000797801613332151,0.797801613332151
"444","Target_Child","or",47,48,44202,0.0010859237138591,1.0859237138591
"445","Target_Child","or",48,43,58797,0.000731329829753219,0.731329829753219
"446","Target_Child","or",49,50,42597,0.00117379158156678,1.17379158156678
"447","Target_Child","or",50,50,49349,0.00101319175667187,1.01319175667187
"448","Target_Child","or",51,76,42463,0.00178979346725384,1.78979346725384
"449","Target_Child","or",52,35,47053,0.000743842050453744,0.743842050453744
"450","Target_Child","or",53,38,31656,0.00120040434672732,1.20040434672732
"451","Target_Child","or",54,43,43525,0.000987937966685813,0.987937966685813
"452","Target_Child","or",55,30,36858,0.000813934559661403,0.813934559661403
"453","Target_Child","or",56,28,34080,0.000821596244131455,0.821596244131455
"454","Target_Child","or",57,388,341451,0.0011363270278898,1.1363270278898
"455","Target_Child","or",58,36,38318,0.00093950623727752,0.93950623727752
"456","Target_Child","or",59,43,38812,0.00110790477172009,1.10790477172009
"457","Target_Child","or",60,27,29688,0.000909458367016977,0.909458367016977
"458","Target_Child","or",61,29,18777,0.00154444266922299,1.54444266922299
"459","Target_Child","or",62,21,19782,0.00106157112526539,1.06157112526539
"460","Target_Child","or",63,16,15327,0.00104390944085601,1.04390944085601
"461","Target_Child","or",64,8,9002,0.000888691401910687,0.888691401910687
"462","Target_Child","or",65,7,8604,0.000813575081357508,0.813575081357508
"463","Target_Child","or",66,23,13190,0.00174374526156179,1.74374526156179
"464","Target_Child","or",67,24,16576,0.00144787644787645,1.44787644787645
"465","Target_Child","or",68,9,14819,0.000607328429718605,0.607328429718605
"466","Target_Child","or",69,17,17443,0.000974602992604483,0.974602992604483
"467","Target_Child","or",70,11,11071,0.000993586848523169,0.993586848523169
"468","Target_Child","or",71,10,9555,0.0010465724751439,1.0465724751439
"469","Target_Child","other",12,2580,2580,1,1000
"470","Target_Child","other",13,2213,2214,0.999548328816621,999.548328816622
"471","Target_Child","other",14,6237,6238,0.999839692209041,999.839692209041
"472","Target_Child","other",15,9228,9231,0.999675008124797,999.675008124797
"473","Target_Child","other",16,12594,12599,0.999603143106596,999.603143106596
"474","Target_Child","other",17,15642,15661,0.998786795223804,998.786795223804
"475","Target_Child","other",18,24015,24070,0.997714997922725,997.714997922725
"476","Target_Child","other",19,30230,30274,0.998546607650129,998.546607650129
"477","Target_Child","other",20,35345,35480,0.99619503945885,996.19503945885
"478","Target_Child","other",21,47554,47918,0.992403689636462,992.403689636462
"479","Target_Child","other",22,49353,49686,0.993297910880328,993.297910880328
"480","Target_Child","other",23,76941,77671,0.990601382755469,990.601382755469
"481","Target_Child","other",24,183164,184344,0.993598923751248,993.598923751248
"482","Target_Child","other",25,145079,146195,0.992366359998632,992.366359998632
"483","Target_Child","other",26,150584,152184,0.989486411186459,989.486411186459
"484","Target_Child","other",27,161647,163906,0.98621771015094,986.21771015094
"485","Target_Child","other",28,174799,177560,0.984450326650146,984.450326650146
"486","Target_Child","other",29,214509,218047,0.983774140437612,983.774140437612
"487","Target_Child","other",30,211342,214396,0.98575533125618,985.75533125618
"488","Target_Child","other",31,215278,219577,0.980421446690683,980.421446690683
"489","Target_Child","other",32,192798,196417,0.981574914594969,981.574914594969
"490","Target_Child","other",33,201791,204947,0.984600896817226,984.600896817226
"491","Target_Child","other",34,201928,205309,0.983532139360671,983.532139360671
"492","Target_Child","other",35,162697,165793,0.981326111476359,981.326111476359
"493","Target_Child","other",36,316360,322547,0.980818299348622,980.818299348622
"494","Target_Child","other",37,128592,131118,0.980734910538599,980.734910538599
"495","Target_Child","other",38,97131,99166,0.979478853639352,979.478853639352
"496","Target_Child","other",39,96856,98819,0.980135399062933,980.135399062933
"497","Target_Child","other",40,72580,74358,0.976088652196132,976.088652196132
"498","Target_Child","other",41,63147,64539,0.9784316459815,978.4316459815
"499","Target_Child","other",42,60428,61791,0.97794177145539,977.94177145539
"500","Target_Child","other",43,54046,55327,0.976846747519294,976.846747519294
"501","Target_Child","other",44,59759,61235,0.975896137829673,975.896137829673
"502","Target_Child","other",45,59236,60459,0.979771415339321,979.771415339321
"503","Target_Child","other",46,55129,56405,0.977377892030848,977.377892030848
"504","Target_Child","other",47,43296,44202,0.979503189900909,979.503189900909
"505","Target_Child","other",48,57201,58797,0.972855757946834,972.855757946834
"506","Target_Child","other",49,41695,42597,0.978824799868535,978.824799868535
"507","Target_Child","other",50,48128,49349,0.975257857302073,975.257857302073
"508","Target_Child","other",51,41542,42463,0.978310529166569,978.310529166569
"509","Target_Child","other",52,45921,47053,0.975942022825325,975.942022825325
"510","Target_Child","other",53,31047,31656,0.980761940864291,980.761940864291
"511","Target_Child","other",54,42748,43525,0.982148190695003,982.148190695003
"512","Target_Child","other",55,36108,36858,0.979651636008465,979.651636008465
"513","Target_Child","other",56,33182,34080,0.973650234741784,973.650234741784
"514","Target_Child","other",57,335304,341451,0.981997416906086,981.997416906086
"515","Target_Child","other",58,37495,38318,0.978521843520017,978.521843520017
"516","Target_Child","other",59,37856,38812,0.975368442749665,975.368442749665
"517","Target_Child","other",60,28787,29688,0.969651037456211,969.651037456211
"518","Target_Child","other",61,18130,18777,0.965542951483198,965.542951483198
"519","Target_Child","other",62,19235,19782,0.972348599737135,972.348599737135
"520","Target_Child","other",63,14873,15327,0.970379069615711,970.379069615711
"521","Target_Child","other",64,8805,9002,0.978115974227949,978.115974227949
"522","Target_Child","other",65,8358,8604,0.971408647140865,971.408647140865
"523","Target_Child","other",66,12803,13190,0.970659590598939,970.659590598939
"524","Target_Child","other",67,16085,16576,0.970378861003861,970.378861003861
"525","Target_Child","other",68,14056,14819,0.948512045347189,948.512045347189
"526","Target_Child","other",69,16825,17443,0.964570314739437,964.570314739437
"527","Target_Child","other",70,10690,11071,0.965585764610243,965.585764610243
"528","Target_Child","other",71,9041,9555,0.946206174777603,946.206174777603
