"","speech_act","speaker_role","target_child_age_months","utterance_count","total_utterance_count","utteranceType_relFreq","utteranceType_ppc"
"1","declarative","Father",12,32,45,0.711111111111111,71.1111111111111
"2","declarative","Father",14,1024,1766,0.579841449603624,57.9841449603624
"3","declarative","Father",15,255,1015,0.251231527093596,25.1231527093596
"4","declarative","Father",16,2573,3854,0.667618059159315,66.7618059159315
"5","declarative","Father",17,3984,5824,0.684065934065934,68.4065934065934
"6","declarative","Father",18,3847,5134,0.749318270354499,74.9318270354499
"7","declarative","Father",19,1375,2625,0.523809523809524,52.3809523809524
"8","declarative","Father",20,1832,2540,0.721259842519685,72.1259842519685
"9","declarative","Father",21,2735,4019,0.680517541677034,68.0517541677034
"10","declarative","Father",22,4202,6009,0.699284406723248,69.9284406723248
"11","declarative","Father",23,4328,6203,0.697726906335644,69.7726906335644
"12","declarative","Father",24,9870,14586,0.676676264911559,67.6676264911559
"13","declarative","Father",25,3871,6383,0.606454645151183,60.6454645151183
"14","declarative","Father",26,4189,6681,0.627001945816494,62.7001945816494
"15","declarative","Father",27,2784,4502,0.618391825855175,61.8391825855175
"16","declarative","Father",28,3701,5859,0.631677760710019,63.1677760710019
"17","declarative","Father",29,4135,6551,0.631201343306365,63.1201343306365
"18","declarative","Father",30,6716,11516,0.583188607155262,58.3188607155262
"19","declarative","Father",31,4120,6784,0.607311320754717,60.7311320754717
"20","declarative","Father",32,4546,6924,0.656556903523975,65.6556903523975
"21","declarative","Father",33,4771,8130,0.586838868388684,58.6838868388684
"22","declarative","Father",34,5558,10157,0.547208821502412,54.7208821502412
"23","declarative","Father",35,5950,8630,0.689455388180765,68.9455388180765
"24","declarative","Father",36,11613,18456,0.629226267880364,62.9226267880364
"25","declarative","Father",37,3355,5370,0.624767225325885,62.4767225325885
"26","declarative","Father",38,2727,4721,0.577631857657276,57.7631857657276
"27","declarative","Father",39,3108,5021,0.619000199163513,61.9000199163513
"28","declarative","Father",40,2252,3781,0.595609627082782,59.5609627082782
"29","declarative","Father",41,1501,3367,0.445797445797446,44.5797445797446
"30","declarative","Father",42,1831,3778,0.484647961884595,48.4647961884595
"31","declarative","Father",43,1893,2998,0.631420947298199,63.1420947298199
"32","declarative","Father",44,1509,2594,0.581727062451812,58.1727062451812
"33","declarative","Father",45,1112,2002,0.555444555444555,55.5444555444555
"34","declarative","Father",46,2132,3576,0.596196868008949,59.6196868008949
"35","declarative","Father",47,1551,2533,0.612317410185551,61.2317410185551
"36","declarative","Father",48,2132,3418,0.623756582796957,62.3756582796957
"37","declarative","Father",49,1026,1800,0.57,57
"38","declarative","Father",50,2462,3888,0.633230452674897,63.3230452674897
"39","declarative","Father",51,1357,2480,0.547177419354839,54.7177419354839
"40","declarative","Father",52,1661,2934,0.566121336059986,56.6121336059986
"41","declarative","Father",53,550,890,0.617977528089888,61.7977528089888
"42","declarative","Father",54,789,1384,0.570086705202312,57.0086705202312
"43","declarative","Father",55,332,550,0.603636363636364,60.3636363636364
"44","declarative","Father",56,807,1290,0.625581395348837,62.5581395348837
"45","declarative","Father",57,8266,12414,0.665861124536813,66.5861124536813
"46","declarative","Father",58,563,1027,0.548198636806232,54.8198636806232
"47","declarative","Father",59,988,1669,0.591971240263631,59.1971240263631
"48","declarative","Father",60,262,467,0.561027837259101,56.1027837259101
"49","declarative","Father",61,425,734,0.579019073569482,57.9019073569482
"50","declarative","Father",62,486,885,0.549152542372881,54.9152542372881
"51","declarative","Father",63,415,735,0.564625850340136,56.4625850340136
"52","declarative","Father",64,451,574,0.785714285714286,78.5714285714286
"53","declarative","Father",65,100,157,0.636942675159236,63.6942675159236
"54","declarative","Father",66,240,357,0.672268907563025,67.2268907563025
"55","declarative","Father",67,90,140,0.642857142857143,64.2857142857143
"56","declarative","Father",68,59,82,0.719512195121951,71.9512195121951
"57","declarative","Father",69,476,643,0.740279937791602,74.0279937791602
"58","declarative","Father",70,204,337,0.605341246290801,60.5341246290801
"59","declarative","Father",71,18,34,0.529411764705882,52.9411764705882
"60","declarative","Mother",12,4837,7524,0.642876129718235,64.2876129718235
"61","declarative","Mother",13,5227,8264,0.632502420135528,63.2502420135528
"62","declarative","Mother",14,16070,25692,0.625486532772848,62.5486532772848
"63","declarative","Mother",15,6632,9332,0.71067295327904,71.067295327904
"64","declarative","Mother",16,7851,11858,0.662084668578175,66.2084668578175
"65","declarative","Mother",17,9323,14924,0.624698472259448,62.4698472259448
"66","declarative","Mother",18,13973,21871,0.63888253852133,63.888253852133
"67","declarative","Mother",19,21055,32754,0.64282225071747,64.282225071747
"68","declarative","Mother",20,22459,36271,0.619199911775247,61.9199911775248
"69","declarative","Mother",21,18228,29635,0.615083516112705,61.5083516112705
"70","declarative","Mother",22,17239,26577,0.648643563983896,64.8643563983896
"71","declarative","Mother",23,32442,50182,0.646486788091348,64.6486788091348
"72","declarative","Mother",24,67246,109564,0.613759994158665,61.3759994158665
"73","declarative","Mother",25,58467,93838,0.623063151388563,62.3063151388563
"74","declarative","Mother",26,58032,90441,0.641655886157827,64.1655886157827
"75","declarative","Mother",27,54190,87395,0.620058355741175,62.0058355741175
"76","declarative","Mother",28,60110,97122,0.618912295875291,61.8912295875291
"77","declarative","Mother",29,59198,95342,0.620901596358373,62.0901596358373
"78","declarative","Mother",30,62753,98335,0.638155285503636,63.8155285503636
"79","declarative","Mother",31,62030,95374,0.650386897896701,65.0386897896701
"80","declarative","Mother",32,53772,82575,0.651189827429609,65.1189827429609
"81","declarative","Mother",33,57260,88584,0.646392124988711,64.6392124988711
"82","declarative","Mother",34,53599,83610,0.641059681856237,64.1059681856237
"83","declarative","Mother",35,37682,58311,0.64622455454374,64.622455454374
"84","declarative","Mother",36,67899,106074,0.640109734713502,64.0109734713502
"85","declarative","Mother",37,28162,43599,0.645932246152435,64.5932246152435
"86","declarative","Mother",38,23108,35276,0.65506293230525,65.506293230525
"87","declarative","Mother",39,15037,22728,0.661606828581485,66.1606828581485
"88","declarative","Mother",40,12264,18464,0.66421143847487,66.421143847487
"89","declarative","Mother",41,9016,13225,0.681739130434783,68.1739130434783
"90","declarative","Mother",42,9089,13930,0.652476669059584,65.2476669059584
"91","declarative","Mother",43,8099,12588,0.643390530664125,64.3390530664125
"92","declarative","Mother",44,9690,15419,0.628445424476295,62.8445424476295
"93","declarative","Mother",45,12379,20397,0.606902975927832,60.6902975927832
"94","declarative","Mother",46,10566,16428,0.643170197224251,64.3170197224251
"95","declarative","Mother",47,7689,12004,0.640536487837388,64.0536487837388
"96","declarative","Mother",48,11343,17595,0.644671781756181,64.4671781756181
"97","declarative","Mother",49,9030,13461,0.670826833073323,67.0826833073323
"98","declarative","Mother",50,8990,13785,0.652158142908959,65.2158142908959
"99","declarative","Mother",51,7712,11408,0.67601683029453,67.601683029453
"100","declarative","Mother",52,5974,9540,0.626205450733753,62.6205450733753
"101","declarative","Mother",53,6845,11138,0.614562758125337,61.4562758125337
"102","declarative","Mother",54,7812,11709,0.66717909300538,66.7179093005381
"103","declarative","Mother",55,6734,10087,0.667591950034698,66.7591950034698
"104","declarative","Mother",56,6357,9783,0.649800674639681,64.9800674639681
"105","declarative","Mother",57,31318,48625,0.644071979434447,64.4071979434447
"106","declarative","Mother",58,7350,10754,0.683466617072717,68.3466617072717
"107","declarative","Mother",59,7222,10908,0.662082874954162,66.2082874954162
"108","declarative","Mother",60,2946,4638,0.635187580853816,63.5187580853816
"109","declarative","Mother",61,1362,2279,0.597630539710399,59.7630539710399
"110","declarative","Mother",62,1800,2791,0.644930132568972,64.4930132568972
"111","declarative","Mother",63,1617,2588,0.624806800618238,62.4806800618238
"112","declarative","Mother",64,2276,3494,0.651402404121351,65.1402404121351
"113","declarative","Mother",65,1597,2465,0.647870182555781,64.7870182555781
"114","declarative","Mother",66,2780,4603,0.6039539430806,60.39539430806
"115","declarative","Mother",67,3938,6017,0.654478976234004,65.4478976234004
"116","declarative","Mother",68,2211,3336,0.662769784172662,66.2769784172662
"117","declarative","Mother",69,3152,4649,0.677995267799527,67.7995267799527
"118","declarative","Mother",70,1968,2970,0.662626262626263,66.2626262626263
"119","declarative","Mother",71,1469,2371,0.619569801771404,61.9569801771404
"120","declarative","Target_Child",12,2001,2046,0.978005865102639,97.8005865102639
"121","declarative","Target_Child",13,3184,3356,0.948748510131109,94.8748510131109
"122","declarative","Target_Child",14,15791,16285,0.969665336198956,96.9665336198956
"123","declarative","Target_Child",15,5560,6140,0.905537459283388,90.5537459283388
"124","declarative","Target_Child",16,8146,9142,0.891052286151827,89.1052286151827
"125","declarative","Target_Child",17,9844,11354,0.867007222124361,86.7007222124361
"126","declarative","Target_Child",18,16337,17697,0.923150816522574,92.3150816522574
"127","declarative","Target_Child",19,21182,23096,0.917128507100797,91.7128507100797
"128","declarative","Target_Child",20,23124,26403,0.875809567094648,87.5809567094648
"129","declarative","Target_Child",21,24590,28157,0.873317469900913,87.3317469900913
"130","declarative","Target_Child",22,23702,27504,0.861765561372891,86.1765561372891
"131","declarative","Target_Child",23,38765,43601,0.889085112726772,88.9085112726772
"132","declarative","Target_Child",24,89263,103637,0.861304360411822,86.1304360411822
"133","declarative","Target_Child",25,66427,75181,0.883561006105266,88.3561006105266
"134","declarative","Target_Child",26,63444,71405,0.888509208038653,88.8509208038653
"135","declarative","Target_Child",27,67792,76383,0.887527329379574,88.7527329379574
"136","declarative","Target_Child",28,69519,80095,0.867956801298458,86.7956801298458
"137","declarative","Target_Child",29,75481,87761,0.86007452057292,86.007452057292
"138","declarative","Target_Child",30,76113,89888,0.846753737985048,84.6753737985048
"139","declarative","Target_Child",31,70585,83028,0.850134894252541,85.0134894252541
"140","declarative","Target_Child",32,63939,75626,0.845463200486605,84.5463200486605
"141","declarative","Target_Child",33,65587,78185,0.838869348340475,83.8869348340475
"142","declarative","Target_Child",34,62657,76215,0.822108508823722,82.2108508823722
"143","declarative","Target_Child",35,43533,52360,0.831417112299465,83.1417112299465
"144","declarative","Target_Child",36,95565,118276,0.807983022760323,80.7983022760323
"145","declarative","Target_Child",37,35453,42571,0.832796974466186,83.2796974466186
"146","declarative","Target_Child",38,29931,36910,0.810918450284476,81.0918450284476
"147","declarative","Target_Child",39,21666,26482,0.818140623819953,81.8140623819953
"148","declarative","Target_Child",40,16811,21432,0.784387831280329,78.4387831280329
"149","declarative","Target_Child",41,15145,19204,0.788637783795043,78.8637783795043
"150","declarative","Target_Child",42,15817,19500,0.811128205128205,81.1128205128205
"151","declarative","Target_Child",43,11095,13924,0.796825624820454,79.6825624820454
"152","declarative","Target_Child",44,12624,16205,0.779018821351435,77.9018821351435
"153","declarative","Target_Child",45,13978,18016,0.775865896980462,77.5865896980462
"154","declarative","Target_Child",46,12851,16309,0.787969832607763,78.7969832607763
"155","declarative","Target_Child",47,9653,12019,0.803145020384391,80.3145020384391
"156","declarative","Target_Child",48,13332,16877,0.789950820643479,78.9950820643479
"157","declarative","Target_Child",49,9575,11749,0.814962975572389,81.4962975572389
"158","declarative","Target_Child",50,11610,14762,0.786478796910988,78.6478796910988
"159","declarative","Target_Child",51,8587,10689,0.803349237533913,80.3349237533913
"160","declarative","Target_Child",52,10208,12507,0.816182937554969,81.6182937554969
"161","declarative","Target_Child",53,7425,9217,0.805576651838993,80.5576651838993
"162","declarative","Target_Child",54,8598,11796,0.728891149542218,72.8891149542218
"163","declarative","Target_Child",55,8313,10625,0.7824,78.24
"164","declarative","Target_Child",56,7483,9222,0.811429191064845,81.1429191064845
"165","declarative","Target_Child",57,59021,86666,0.681016777052131,68.1016777052131
"166","declarative","Target_Child",58,9759,11772,0.829001019367992,82.9001019367992
"167","declarative","Target_Child",59,8130,10543,0.771127762496443,77.1127762496443
"168","declarative","Target_Child",60,5703,7196,0.792523624235686,79.2523624235686
"169","declarative","Target_Child",61,3812,4646,0.820490744726647,82.0490744726647
"170","declarative","Target_Child",62,4251,5504,0.77234738372093,77.234738372093
"171","declarative","Target_Child",63,2816,3589,0.784619671217609,78.4619671217609
"172","declarative","Target_Child",64,2260,2933,0.77054210705762,77.054210705762
"173","declarative","Target_Child",65,1666,2303,0.723404255319149,72.3404255319149
"174","declarative","Target_Child",66,2762,3757,0.735161032738887,73.5161032738887
"175","declarative","Target_Child",67,3922,5247,0.747474747474748,74.7474747474748
"176","declarative","Target_Child",68,2803,3629,0.772389087903004,77.2389087903004
"177","declarative","Target_Child",69,3743,4885,0.766223132036847,76.6223132036847
"178","declarative","Target_Child",70,2434,3162,0.769765970904491,76.9765970904491
"179","declarative","Target_Child",71,1821,2301,0.791395045632334,79.1395045632334
"180","imperative","Father",14,67,1766,0.0379388448471121,3.79388448471121
"181","imperative","Father",15,36,1015,0.0354679802955665,3.54679802955665
"182","imperative","Father",16,89,3854,0.0230928905033731,2.30928905033731
"183","imperative","Father",17,151,5824,0.0259271978021978,2.59271978021978
"184","imperative","Father",18,106,5134,0.020646669263732,2.0646669263732
"185","imperative","Father",19,122,2625,0.0464761904761905,4.64761904761905
"186","imperative","Father",20,47,2540,0.018503937007874,1.8503937007874
"187","imperative","Father",21,77,4019,0.0191589947748196,1.91589947748196
"188","imperative","Father",22,94,6009,0.0156432018638709,1.56432018638709
"189","imperative","Father",23,124,6203,0.0199903272610027,1.99903272610027
"190","imperative","Father",24,299,14586,0.0204991087344029,2.04991087344029
"191","imperative","Father",25,154,6383,0.0241265862447125,2.41265862447125
"192","imperative","Father",26,299,6681,0.0447537793743452,4.47537793743452
"193","imperative","Father",27,114,4502,0.0253220790759662,2.53220790759662
"194","imperative","Father",28,93,5859,0.0158730158730159,1.58730158730159
"195","imperative","Father",29,160,6551,0.0244237520989162,2.44237520989162
"196","imperative","Father",30,153,11516,0.013285863146926,1.3285863146926
"197","imperative","Father",31,81,6784,0.011939858490566,1.1939858490566
"198","imperative","Father",32,101,6924,0.0145869439630272,1.45869439630272
"199","imperative","Father",33,163,8130,0.0200492004920049,2.00492004920049
"200","imperative","Father",34,206,10157,0.0202815792064586,2.02815792064586
"201","imperative","Father",35,125,8630,0.0144843568945539,1.44843568945539
"202","imperative","Father",36,306,18456,0.0165799739921977,1.65799739921977
"203","imperative","Father",37,85,5370,0.015828677839851,1.5828677839851
"204","imperative","Father",38,69,4721,0.0146155475534844,1.46155475534844
"205","imperative","Father",39,33,5021,0.00657239593706433,0.657239593706433
"206","imperative","Father",40,46,3781,0.0121660936260249,1.21660936260249
"207","imperative","Father",41,10,3367,0.00297000297000297,0.297000297000297
"208","imperative","Father",42,33,3778,0.00873478030704076,0.873478030704076
"209","imperative","Father",43,30,2998,0.0100066711140761,1.00066711140761
"210","imperative","Father",44,54,2594,0.0208172706245181,2.08172706245181
"211","imperative","Father",45,48,2002,0.023976023976024,2.3976023976024
"212","imperative","Father",46,31,3576,0.00866890380313199,0.866890380313199
"213","imperative","Father",47,47,2533,0.0185550730359258,1.85550730359258
"214","imperative","Father",48,83,3418,0.0242832065535401,2.42832065535401
"215","imperative","Father",49,21,1800,0.0116666666666667,1.16666666666667
"216","imperative","Father",50,53,3888,0.0136316872427984,1.36316872427984
"217","imperative","Father",51,23,2480,0.0092741935483871,0.92741935483871
"218","imperative","Father",52,15,2934,0.00511247443762781,0.511247443762781
"219","imperative","Father",53,4,890,0.00449438202247191,0.449438202247191
"220","imperative","Father",54,64,1384,0.046242774566474,4.6242774566474
"221","imperative","Father",55,6,550,0.0109090909090909,1.09090909090909
"222","imperative","Father",56,17,1290,0.0131782945736434,1.31782945736434
"223","imperative","Father",57,193,12414,0.0155469631061705,1.55469631061705
"224","imperative","Father",58,10,1027,0.00973709834469328,0.973709834469328
"225","imperative","Father",59,12,1669,0.00718993409227082,0.718993409227082
"226","imperative","Father",60,15,467,0.0321199143468951,3.21199143468951
"227","imperative","Father",61,1,734,0.00136239782016349,0.136239782016349
"228","imperative","Father",62,13,885,0.0146892655367232,1.46892655367232
"229","imperative","Father",63,4,735,0.0054421768707483,0.54421768707483
"230","imperative","Father",64,2,574,0.00348432055749129,0.348432055749129
"231","imperative","Father",65,3,157,0.0191082802547771,1.91082802547771
"232","imperative","Father",66,14,357,0.0392156862745098,3.92156862745098
"233","imperative","Father",69,18,643,0.0279937791601866,2.79937791601866
"234","imperative","Father",70,15,337,0.0445103857566766,4.45103857566766
"235","imperative","Father",71,6,34,0.176470588235294,17.6470588235294
"236","imperative","Mother",12,297,7524,0.0394736842105263,3.94736842105263
"237","imperative","Mother",13,847,8264,0.102492739593417,10.2492739593417
"238","imperative","Mother",14,2810,25692,0.109372567336136,10.9372567336136
"239","imperative","Mother",15,153,9332,0.0163951993141877,1.63951993141877
"240","imperative","Mother",16,283,11858,0.0238657446449654,2.38657446449654
"241","imperative","Mother",17,768,14924,0.0514607343875637,5.14607343875637
"242","imperative","Mother",18,584,21871,0.0267020255132367,2.67020255132367
"243","imperative","Mother",19,1564,32754,0.0477498931428222,4.77498931428222
"244","imperative","Mother",20,2204,36271,0.0607647983237297,6.07647983237297
"245","imperative","Mother",21,981,29635,0.0331027501265396,3.31027501265396
"246","imperative","Mother",22,701,26577,0.0263761899386688,2.63761899386688
"247","imperative","Mother",23,579,50182,0.011538001673907,1.1538001673907
"248","imperative","Mother",24,1094,109564,0.00998503157971596,0.998503157971596
"249","imperative","Mother",25,892,93838,0.00950574394168674,0.950574394168674
"250","imperative","Mother",26,858,90441,0.00948684777921518,0.948684777921518
"251","imperative","Mother",27,974,87395,0.0111448023342296,1.11448023342296
"252","imperative","Mother",28,1341,97122,0.0138073762896151,1.38073762896151
"253","imperative","Mother",29,1076,95342,0.0112856873151392,1.12856873151392
"254","imperative","Mother",30,1354,98335,0.013769258148167,1.3769258148167
"255","imperative","Mother",31,978,95374,0.0102543670182649,1.02543670182649
"256","imperative","Mother",32,1068,82575,0.0129336966394187,1.29336966394187
"257","imperative","Mother",33,1219,88584,0.0137609500587013,1.37609500587013
"258","imperative","Mother",34,1050,83610,0.0125583064226767,1.25583064226767
"259","imperative","Mother",35,634,58311,0.0108727341324964,1.08727341324964
"260","imperative","Mother",36,995,106074,0.0093802439806173,0.93802439806173
"261","imperative","Mother",37,351,43599,0.00805064336337989,0.805064336337989
"262","imperative","Mother",38,386,35276,0.0109422837056356,1.09422837056356
"263","imperative","Mother",39,182,22728,0.00800774375219993,0.800774375219993
"264","imperative","Mother",40,235,18464,0.0127274696707106,1.27274696707106
"265","imperative","Mother",41,188,13225,0.0142155009451796,1.42155009451796
"266","imperative","Mother",42,213,13930,0.0152907394113424,1.52907394113424
"267","imperative","Mother",43,406,12588,0.0322529393072768,3.22529393072768
"268","imperative","Mother",44,406,15419,0.0263311498800182,2.63311498800182
"269","imperative","Mother",45,913,20397,0.044761484532039,4.4761484532039
"270","imperative","Mother",46,473,16428,0.0287923058193328,2.87923058193328
"271","imperative","Mother",47,311,12004,0.0259080306564478,2.59080306564478
"272","imperative","Mother",48,721,17595,0.040977550440466,4.0977550440466
"273","imperative","Mother",49,161,13461,0.0119604784191368,1.19604784191368
"274","imperative","Mother",50,232,13785,0.0168298875589409,1.68298875589409
"275","imperative","Mother",51,230,11408,0.0201612903225806,2.01612903225806
"276","imperative","Mother",52,196,9540,0.0205450733752621,2.05450733752621
"277","imperative","Mother",53,278,11138,0.0249595977733884,2.49595977733884
"278","imperative","Mother",54,337,11709,0.028781279357759,2.8781279357759
"279","imperative","Mother",55,260,10087,0.0257757509665907,2.57757509665907
"280","imperative","Mother",56,212,9783,0.0216702443013391,2.16702443013391
"281","imperative","Mother",57,1513,48625,0.0311156812339332,3.11156812339332
"282","imperative","Mother",58,135,10754,0.0125534684768458,1.25534684768458
"283","imperative","Mother",59,243,10908,0.0222772277227723,2.22772277227723
"284","imperative","Mother",60,116,4638,0.02501078050884,2.501078050884
"285","imperative","Mother",61,153,2279,0.0671347082053532,6.71347082053532
"286","imperative","Mother",62,56,2791,0.0200644930132569,2.00644930132569
"287","imperative","Mother",63,104,2588,0.0401854714064915,4.01854714064915
"288","imperative","Mother",64,153,3494,0.0437893531768746,4.37893531768746
"289","imperative","Mother",65,99,2465,0.0401622718052738,4.01622718052738
"290","imperative","Mother",66,321,4603,0.0697371279600261,6.97371279600261
"291","imperative","Mother",67,258,6017,0.0428785108858235,4.28785108858235
"292","imperative","Mother",68,166,3336,0.0497601918465228,4.97601918465228
"293","imperative","Mother",69,222,4649,0.0477522047752205,4.77522047752205
"294","imperative","Mother",70,137,2970,0.0461279461279461,4.61279461279461
"295","imperative","Mother",71,82,2371,0.0345845634753269,3.45845634753269
"296","imperative","Target_Child",12,30,2046,0.0146627565982405,1.46627565982405
"297","imperative","Target_Child",13,64,3356,0.0190703218116806,1.90703218116806
"298","imperative","Target_Child",14,155,16285,0.00951796131409272,0.951796131409272
"299","imperative","Target_Child",15,66,6140,0.0107491856677524,1.07491856677524
"300","imperative","Target_Child",16,246,9142,0.0269087726974404,2.69087726974404
"301","imperative","Target_Child",17,230,11354,0.0202571780870178,2.02571780870178
"302","imperative","Target_Child",18,273,17697,0.015426343448042,1.5426343448042
"303","imperative","Target_Child",19,564,23096,0.0244198129546242,2.44198129546242
"304","imperative","Target_Child",20,1091,26403,0.0413210620005302,4.13210620005302
"305","imperative","Target_Child",21,589,28157,0.020918421706858,2.0918421706858
"306","imperative","Target_Child",22,355,27504,0.0129072134962187,1.29072134962187
"307","imperative","Target_Child",23,713,43601,0.0163528359441297,1.63528359441297
"308","imperative","Target_Child",24,2321,103637,0.0223954765190038,2.23954765190038
"309","imperative","Target_Child",25,1385,75181,0.0184222077386574,1.84222077386574
"310","imperative","Target_Child",26,1447,71405,0.0202646873468245,2.02646873468245
"311","imperative","Target_Child",27,1494,76383,0.0195593260280429,1.95593260280429
"312","imperative","Target_Child",28,1816,80095,0.0226730757225794,2.26730757225794
"313","imperative","Target_Child",29,1928,87761,0.0219687560533722,2.19687560533722
"314","imperative","Target_Child",30,2471,89888,0.0274897650409398,2.74897650409398
"315","imperative","Target_Child",31,1623,83028,0.019547622488799,1.9547622488799
"316","imperative","Target_Child",32,1504,75626,0.0198873403326898,1.98873403326898
"317","imperative","Target_Child",33,1519,78185,0.0194282790816653,1.94282790816653
"318","imperative","Target_Child",34,1723,76215,0.0226070983402217,2.26070983402217
"319","imperative","Target_Child",35,981,52360,0.0187356760886173,1.87356760886173
"320","imperative","Target_Child",36,2580,118276,0.0218133856403666,2.18133856403666
"321","imperative","Target_Child",37,766,42571,0.0179934697329168,1.79934697329168
"322","imperative","Target_Child",38,639,36910,0.0173123814684367,1.73123814684367
"323","imperative","Target_Child",39,337,26482,0.0127256249527981,1.27256249527981
"324","imperative","Target_Child",40,341,21432,0.0159107876073162,1.59107876073162
"325","imperative","Target_Child",41,300,19204,0.0156217454696938,1.56217454696938
"326","imperative","Target_Child",42,393,19500,0.0201538461538462,2.01538461538462
"327","imperative","Target_Child",43,441,13924,0.0316719333524849,3.16719333524849
"328","imperative","Target_Child",44,585,16205,0.0360999691453255,3.60999691453255
"329","imperative","Target_Child",45,1071,18016,0.0594471580817051,5.94471580817051
"330","imperative","Target_Child",46,795,16309,0.0487460911153351,4.87460911153351
"331","imperative","Target_Child",47,365,12019,0.0303685830767951,3.03685830767951
"332","imperative","Target_Child",48,831,16877,0.0492386087574806,4.92386087574806
"333","imperative","Target_Child",49,243,11749,0.0206826112860669,2.06826112860669
"334","imperative","Target_Child",50,552,14762,0.0373933071399539,3.73933071399539
"335","imperative","Target_Child",51,361,10689,0.0337730377023108,3.37730377023108
"336","imperative","Target_Child",52,296,12507,0.0236667466218917,2.36667466218917
"337","imperative","Target_Child",53,309,9217,0.0335250081371379,3.35250081371379
"338","imperative","Target_Child",54,810,11796,0.0686673448626653,6.86673448626653
"339","imperative","Target_Child",55,384,10625,0.0361411764705882,3.61411764705882
"340","imperative","Target_Child",56,371,9222,0.0402298850574713,4.02298850574713
"341","imperative","Target_Child",57,6971,86666,0.0804352341171855,8.04352341171855
"342","imperative","Target_Child",58,284,11772,0.0241250424736663,2.41250424736663
"343","imperative","Target_Child",59,458,10543,0.0434411457839325,4.34411457839325
"344","imperative","Target_Child",60,171,7196,0.023763201778766,2.3763201778766
"345","imperative","Target_Child",61,182,4646,0.0391734825656479,3.91734825656479
"346","imperative","Target_Child",62,205,5504,0.0372456395348837,3.72456395348837
"347","imperative","Target_Child",63,237,3589,0.0660351072722207,6.60351072722207
"348","imperative","Target_Child",64,245,2933,0.0835322195704057,8.35322195704057
"349","imperative","Target_Child",65,255,2303,0.110725141120278,11.0725141120278
"350","imperative","Target_Child",66,366,3757,0.0974181527814746,9.74181527814746
"351","imperative","Target_Child",67,551,5247,0.105012388031256,10.5012388031256
"352","imperative","Target_Child",68,353,3629,0.0972719757508956,9.72719757508956
"353","imperative","Target_Child",69,471,4885,0.096417604912999,9.6417604912999
"354","imperative","Target_Child",70,289,3162,0.0913978494623656,9.13978494623656
"355","imperative","Target_Child",71,173,2301,0.0751847023033464,7.51847023033464
"356","other","Father",12,1,45,0.0222222222222222,2.22222222222222
"357","other","Father",13,101,101,1,100
"358","other","Father",14,362,1766,0.204983012457531,20.4983012457531
"359","other","Father",15,633,1015,0.623645320197044,62.3645320197044
"360","other","Father",16,273,3854,0.0708354955889984,7.08354955889984
"361","other","Father",17,808,5824,0.138736263736264,13.8736263736264
"362","other","Father",18,108,5134,0.0210362290611609,2.10362290611609
"363","other","Father",19,456,2625,0.173714285714286,17.3714285714286
"364","other","Father",20,119,2540,0.0468503937007874,4.68503937007874
"365","other","Father",21,367,4019,0.0913162478228415,9.13162478228415
"366","other","Father",22,473,6009,0.0787152604426693,7.87152604426693
"367","other","Father",23,367,6203,0.0591649201999033,5.91649201999033
"368","other","Father",24,1133,14586,0.0776772247360483,7.76772247360483
"369","other","Father",25,635,6383,0.0994830017233276,9.94830017233276
"370","other","Father",26,154,6681,0.0230504415506661,2.30504415506661
"371","other","Father",27,213,4502,0.0473123056419369,4.73123056419369
"372","other","Father",28,363,5859,0.0619559651817716,6.19559651817716
"373","other","Father",29,623,6551,0.0950999847351549,9.50999847351549
"374","other","Father",30,979,11516,0.085012156998958,8.5012156998958
"375","other","Father",31,351,6784,0.0517393867924528,5.17393867924528
"376","other","Father",32,226,6924,0.0326400924321202,3.26400924321202
"377","other","Father",33,493,8130,0.060639606396064,6.0639606396064
"378","other","Father",34,696,10157,0.0685241705227922,6.85241705227922
"379","other","Father",35,236,8630,0.0273464658169177,2.73464658169177
"380","other","Father",36,719,18456,0.0389575205895102,3.89575205895102
"381","other","Father",37,111,5370,0.0206703910614525,2.06703910614525
"382","other","Father",38,294,4721,0.0622749417496293,6.22749417496293
"383","other","Father",39,86,5021,0.0171280621390161,1.71280621390161
"384","other","Father",40,99,3781,0.0261835493255752,2.61835493255752
"385","other","Father",41,851,3367,0.252747252747253,25.2747252747253
"386","other","Father",42,404,3778,0.106934886183166,10.6934886183166
"387","other","Father",43,117,2998,0.0390260173448966,3.90260173448966
"388","other","Father",44,34,2594,0.0131071703932151,1.31071703932151
"389","other","Father",45,13,2002,0.00649350649350649,0.649350649350649
"390","other","Father",46,117,3576,0.0327181208053691,3.27181208053691
"391","other","Father",47,94,2533,0.0371101460718516,3.71101460718516
"392","other","Father",48,135,3418,0.0394967817437098,3.94967817437098
"393","other","Father",49,39,1800,0.0216666666666667,2.16666666666667
"394","other","Father",50,153,3888,0.0393518518518519,3.93518518518519
"395","other","Father",51,26,2480,0.0104838709677419,1.04838709677419
"396","other","Father",52,97,2934,0.0330606680299932,3.30606680299932
"397","other","Father",53,8,890,0.00898876404494382,0.898876404494382
"398","other","Father",54,29,1384,0.0209537572254335,2.09537572254335
"399","other","Father",55,6,550,0.0109090909090909,1.09090909090909
"400","other","Father",56,33,1290,0.0255813953488372,2.55813953488372
"401","other","Father",57,668,12414,0.0538102142742065,5.38102142742065
"402","other","Father",58,25,1027,0.0243427458617332,2.43427458617332
"403","other","Father",59,63,1669,0.0377471539844218,3.77471539844218
"404","other","Father",60,20,467,0.0428265524625268,4.28265524625268
"405","other","Father",61,38,734,0.0517711171662125,5.17711171662125
"406","other","Father",62,27,885,0.0305084745762712,3.05084745762712
"407","other","Father",63,18,735,0.0244897959183673,2.44897959183673
"408","other","Father",64,16,574,0.0278745644599303,2.78745644599303
"409","other","Father",65,4,157,0.0254777070063694,2.54777070063694
"410","other","Father",66,15,357,0.0420168067226891,4.20168067226891
"411","other","Father",67,4,140,0.0285714285714286,2.85714285714286
"412","other","Father",69,12,643,0.0186625194401244,1.86625194401244
"413","other","Father",70,19,337,0.056379821958457,5.6379821958457
"414","other","Mother",12,180,7524,0.0239234449760766,2.39234449760766
"415","other","Mother",13,142,8264,0.0171829622458858,1.71829622458858
"416","other","Mother",14,406,25692,0.0158025844620894,1.58025844620894
"417","other","Mother",15,320,9332,0.0342906129447064,3.42906129447064
"418","other","Mother",16,564,11858,0.047562826783606,4.7562826783606
"419","other","Mother",17,578,14924,0.038729563119807,3.8729563119807
"420","other","Mother",18,639,21871,0.0292167710667093,2.92167710667093
"421","other","Mother",19,848,32754,0.0258899676375405,2.58899676375405
"422","other","Mother",20,1076,36271,0.0296655730473381,2.96655730473381
"423","other","Mother",21,1244,29635,0.0419773915977729,4.19773915977729
"424","other","Mother",22,965,26577,0.0363095909997366,3.63095909997366
"425","other","Mother",23,1090,50182,0.0217209357937109,2.17209357937109
"426","other","Mother",24,2933,109564,0.026769741886021,2.6769741886021
"427","other","Mother",25,1963,93838,0.0209190306698779,2.09190306698779
"428","other","Mother",26,1833,90441,0.0202673566192324,2.02673566192324
"429","other","Mother",27,1835,87395,0.0209966245208536,2.09966245208536
"430","other","Mother",28,2560,97122,0.0263586005230535,2.63586005230535
"431","other","Mother",29,2532,95342,0.0265570262843238,2.65570262843238
"432","other","Mother",30,2331,98335,0.0237046829714751,2.37046829714751
"433","other","Mother",31,2951,95374,0.0309413466982616,3.09413466982616
"434","other","Mother",32,2376,82575,0.0287738419618529,2.87738419618529
"435","other","Mother",33,2513,88584,0.0283685541407026,2.83685541407026
"436","other","Mother",34,2376,83610,0.0284176533907427,2.84176533907427
"437","other","Mother",35,1599,58311,0.027421927252148,2.7421927252148
"438","other","Mother",36,3431,106074,0.0323453438165809,3.23453438165809
"439","other","Mother",37,1540,43599,0.0353219110530058,3.53219110530058
"440","other","Mother",38,1120,35276,0.0317496314774918,3.17496314774918
"441","other","Mother",39,790,22728,0.0347588877155931,3.47588877155931
"442","other","Mother",40,829,18464,0.0448981802426343,4.48981802426343
"443","other","Mother",41,399,13225,0.0301701323251418,3.01701323251418
"444","other","Mother",42,673,13930,0.0483129935391242,4.83129935391242
"445","other","Mother",43,472,12588,0.0374960279631395,3.74960279631395
"446","other","Mother",44,649,15419,0.0420909267786497,4.20909267786497
"447","other","Mother",45,875,20397,0.042898465460607,4.2898465460607
"448","other","Mother",46,843,16428,0.0513148283418554,5.13148283418554
"449","other","Mother",47,517,12004,0.0430689770076641,4.30689770076641
"450","other","Mother",48,719,17595,0.0408638817845979,4.08638817845979
"451","other","Mother",49,609,13461,0.0452418096723869,4.52418096723869
"452","other","Mother",50,709,13785,0.0514327167210736,5.14327167210736
"453","other","Mother",51,476,11408,0.0417251051893408,4.17251051893408
"454","other","Mother",52,461,9540,0.0483228511530398,4.83228511530398
"455","other","Mother",53,541,11138,0.0485724546597235,4.85724546597235
"456","other","Mother",54,374,11709,0.0319412417798275,3.19412417798275
"457","other","Mother",55,349,10087,0.0345989887974621,3.45989887974621
"458","other","Mother",56,399,9783,0.0407850352652561,4.07850352652561
"459","other","Mother",57,2319,48625,0.0476915167095116,4.76915167095116
"460","other","Mother",58,440,10754,0.040915008368979,4.0915008368979
"461","other","Mother",59,401,10908,0.0367620095342868,3.67620095342868
"462","other","Mother",60,207,4638,0.0446313065976714,4.46313065976714
"463","other","Mother",61,71,2279,0.031154014918824,3.1154014918824
"464","other","Mother",62,112,2791,0.0401289860265138,4.01289860265138
"465","other","Mother",63,42,2588,0.0162287480680062,1.62287480680062
"466","other","Mother",64,86,3494,0.0246136233543217,2.46136233543217
"467","other","Mother",65,63,2465,0.0255578093306288,2.55578093306288
"468","other","Mother",66,148,4603,0.0321529437323485,3.21529437323485
"469","other","Mother",67,165,6017,0.0274223034734918,2.74223034734918
"470","other","Mother",68,75,3336,0.0224820143884892,2.24820143884892
"471","other","Mother",69,138,4649,0.0296838029683803,2.96838029683803
"472","other","Mother",70,77,2970,0.0259259259259259,2.59259259259259
"473","other","Mother",71,119,2371,0.0501897933361451,5.01897933361451
"474","other","Target_Child",12,2,2046,0.000977517106549365,0.0977517106549365
"475","other","Target_Child",13,57,3356,0.016984505363528,1.6984505363528
"476","other","Target_Child",14,252,16285,0.015474362910654,1.5474362910654
"477","other","Target_Child",15,442,6140,0.0719869706840391,7.19869706840391
"478","other","Target_Child",16,231,9142,0.0252679938744257,2.52679938744257
"479","other","Target_Child",17,551,11354,0.0485291527215078,4.85291527215078
"480","other","Target_Child",18,86,17697,0.00485958071989603,0.485958071989603
"481","other","Target_Child",19,413,23096,0.0178818843089713,1.78818843089713
"482","other","Target_Child",20,134,26403,0.00507518085066091,0.507518085066091
"483","other","Target_Child",21,509,28157,0.0180772099300352,1.80772099300352
"484","other","Target_Child",22,502,27504,0.0182518906340896,1.82518906340896
"485","other","Target_Child",23,391,43601,0.00896768422742598,0.896768422742598
"486","other","Target_Child",24,1362,103637,0.0131420245665158,1.31420245665158
"487","other","Target_Child",25,1090,75181,0.0144983439964885,1.44983439964885
"488","other","Target_Child",26,1018,71405,0.0142567047125551,1.42567047125551
"489","other","Target_Child",27,1134,76383,0.0148462354188759,1.48462354188759
"490","other","Target_Child",28,1446,80095,0.0180535613958424,1.80535613958424
"491","other","Target_Child",29,2362,87761,0.026914005081984,2.6914005081984
"492","other","Target_Child",30,2432,89888,0.0270558917764329,2.70558917764329
"493","other","Target_Child",31,2037,83028,0.024533892180951,2.4533892180951
"494","other","Target_Child",32,1624,75626,0.021474096210298,2.1474096210298
"495","other","Target_Child",33,1973,78185,0.0252350195050201,2.52350195050201
"496","other","Target_Child",34,2749,76215,0.0360690152857049,3.60690152857049
"497","other","Target_Child",35,1413,52360,0.0269862490450726,2.69862490450726
"498","other","Target_Child",36,4594,118276,0.0388413541208698,3.88413541208698
"499","other","Target_Child",37,1319,42571,0.0309835333912758,3.09835333912758
"500","other","Target_Child",38,1355,36910,0.0367109184502845,3.67109184502845
"501","other","Target_Child",39,829,26482,0.0313042821539159,3.13042821539159
"502","other","Target_Child",40,730,21432,0.0340612168719671,3.40612168719671
"503","other","Target_Child",41,1135,19204,0.0591022703603416,5.91022703603416
"504","other","Target_Child",42,986,19500,0.0505641025641026,5.05641025641026
"505","other","Target_Child",43,490,13924,0.0351910370583166,3.51910370583166
"506","other","Target_Child",44,516,16205,0.0318420240666461,3.18420240666461
"507","other","Target_Child",45,500,18016,0.027753108348135,2.7753108348135
"508","other","Target_Child",46,617,16309,0.0378318719725305,3.78318719725305
"509","other","Target_Child",47,343,12019,0.0285381479324403,2.85381479324403
"510","other","Target_Child",48,562,16877,0.0332997570658292,3.32997570658292
"511","other","Target_Child",49,365,11749,0.0310664737424462,3.10664737424462
"512","other","Target_Child",50,622,14762,0.0421352120308901,4.21352120308901
"513","other","Target_Child",51,332,10689,0.0310599681915988,3.10599681915988
"514","other","Target_Child",52,371,12507,0.0296633885024386,2.96633885024386
"515","other","Target_Child",53,332,9217,0.0360203970923294,3.60203970923294
"516","other","Target_Child",54,466,11796,0.0395049169209902,3.95049169209902
"517","other","Target_Child",55,391,10625,0.0368,3.68
"518","other","Target_Child",56,269,9222,0.0291693775753633,2.91693775753633
"519","other","Target_Child",57,5198,86666,0.0599773844414188,5.99773844414188
"520","other","Target_Child",58,427,11772,0.0362725110431532,3.62725110431532
"521","other","Target_Child",59,422,10543,0.0400265579057194,4.00265579057194
"522","other","Target_Child",60,293,7196,0.0407170650361312,4.07170650361312
"523","other","Target_Child",61,173,4646,0.0372363323288851,3.72363323288851
"524","other","Target_Child",62,226,5504,0.0410610465116279,4.10610465116279
"525","other","Target_Child",63,120,3589,0.0334354973530231,3.34354973530231
"526","other","Target_Child",64,102,2933,0.0347766791680873,3.47766791680873
"527","other","Target_Child",65,88,2303,0.0382110290924881,3.82110290924881
"528","other","Target_Child",66,180,3757,0.0479105669417088,4.79105669417088
"529","other","Target_Child",67,181,5247,0.0344959024204307,3.44959024204307
"530","other","Target_Child",68,128,3629,0.0352714246348856,3.52714246348856
"531","other","Target_Child",69,132,4885,0.027021494370522,2.7021494370522
"532","other","Target_Child",70,155,3162,0.0490196078431373,4.90196078431373
"533","other","Target_Child",71,96,2301,0.0417209908735332,4.17209908735332
"534","question","Father",12,12,45,0.266666666666667,26.6666666666667
"535","question","Father",14,313,1766,0.177236693091733,17.7236693091733
"536","question","Father",15,91,1015,0.0896551724137931,8.96551724137931
"537","question","Father",16,919,3854,0.238453554748313,23.8453554748313
"538","question","Father",17,881,5824,0.151270604395604,15.1270604395604
"539","question","Father",18,1073,5134,0.208998831320608,20.8998831320608
"540","question","Father",19,672,2625,0.256,25.6
"541","question","Father",20,542,2540,0.213385826771654,21.3385826771654
"542","question","Father",21,840,4019,0.209007215725305,20.9007215725305
"543","question","Father",22,1240,6009,0.206357130970211,20.6357130970211
"544","question","Father",23,1384,6203,0.22311784620345,22.311784620345
"545","question","Father",24,3284,14586,0.22514740161799,22.514740161799
"546","question","Father",25,1723,6383,0.269935766880777,26.9935766880777
"547","question","Father",26,2039,6681,0.305193833258494,30.5193833258494
"548","question","Father",27,1391,4502,0.308973789426921,30.8973789426921
"549","question","Father",28,1702,5859,0.290493258235194,29.0493258235194
"550","question","Father",29,1633,6551,0.249274919859563,24.9274919859563
"551","question","Father",30,3668,11516,0.318513372698854,31.8513372698854
"552","question","Father",31,2232,6784,0.329009433962264,32.9009433962264
"553","question","Father",32,2051,6924,0.296216060080878,29.6216060080878
"554","question","Father",33,2703,8130,0.332472324723247,33.2472324723247
"555","question","Father",34,3697,10157,0.363985428768337,36.3985428768337
"556","question","Father",35,2319,8630,0.268713789107764,26.8713789107764
"557","question","Father",36,5818,18456,0.315236237537928,31.5236237537928
"558","question","Father",37,1819,5370,0.338733705772812,33.8733705772812
"559","question","Father",38,1631,4721,0.34547765303961,34.547765303961
"560","question","Father",39,1794,5021,0.357299342760406,35.7299342760406
"561","question","Father",40,1384,3781,0.366040729965618,36.6040729965618
"562","question","Father",41,1005,3367,0.298485298485298,29.8485298485298
"563","question","Father",42,1510,3778,0.399682371625199,39.9682371625199
"564","question","Father",43,958,2998,0.319546364242829,31.9546364242829
"565","question","Father",44,997,2594,0.384348496530455,38.4348496530455
"566","question","Father",45,829,2002,0.414085914085914,41.4085914085914
"567","question","Father",46,1296,3576,0.36241610738255,36.241610738255
"568","question","Father",47,841,2533,0.332017370706672,33.2017370706672
"569","question","Father",48,1068,3418,0.312463428905793,31.2463428905793
"570","question","Father",49,714,1800,0.396666666666667,39.6666666666667
"571","question","Father",50,1220,3888,0.313786008230453,31.3786008230453
"572","question","Father",51,1074,2480,0.433064516129032,43.3064516129032
"573","question","Father",52,1161,2934,0.395705521472393,39.5705521472393
"574","question","Father",53,328,890,0.368539325842697,36.8539325842697
"575","question","Father",54,502,1384,0.36271676300578,36.271676300578
"576","question","Father",55,206,550,0.374545454545455,37.4545454545455
"577","question","Father",56,433,1290,0.335658914728682,33.5658914728682
"578","question","Father",57,3287,12414,0.26478169808281,26.478169808281
"579","question","Father",58,429,1027,0.417721518987342,41.7721518987342
"580","question","Father",59,606,1669,0.363091671659676,36.3091671659676
"581","question","Father",60,170,467,0.364025695931477,36.4025695931477
"582","question","Father",61,270,734,0.367847411444142,36.7847411444142
"583","question","Father",62,359,885,0.405649717514124,40.5649717514124
"584","question","Father",63,298,735,0.405442176870748,40.5442176870748
"585","question","Father",64,105,574,0.182926829268293,18.2926829268293
"586","question","Father",65,50,157,0.318471337579618,31.8471337579618
"587","question","Father",66,88,357,0.246498599439776,24.6498599439776
"588","question","Father",67,46,140,0.328571428571429,32.8571428571429
"589","question","Father",68,23,82,0.280487804878049,28.0487804878049
"590","question","Father",69,137,643,0.213063763608087,21.3063763608087
"591","question","Father",70,99,337,0.293768545994065,29.3768545994065
"592","question","Father",71,10,34,0.294117647058824,29.4117647058824
"593","question","Mother",12,2210,7524,0.293726741095162,29.3726741095162
"594","question","Mother",13,2048,8264,0.247821878025169,24.7821878025169
"595","question","Mother",14,6406,25692,0.249338315428927,24.9338315428927
"596","question","Mother",15,2227,9332,0.238641234462066,23.8641234462066
"597","question","Mother",16,3160,11858,0.266486759993253,26.6486759993253
"598","question","Mother",17,4255,14924,0.285111230233181,28.5111230233181
"599","question","Mother",18,6675,21871,0.305198664898724,30.5198664898724
"600","question","Mother",19,9287,32754,0.283537888502168,28.3537888502168
"601","question","Mother",20,10532,36271,0.290369716853685,29.0369716853685
"602","question","Mother",21,9182,29635,0.309836342162983,30.9836342162983
"603","question","Mother",22,7672,26577,0.288670655077699,28.8670655077699
"604","question","Mother",23,16071,50182,0.320254274441035,32.0254274441035
"605","question","Mother",24,38291,109564,0.349485232375598,34.9485232375598
"606","question","Mother",25,32516,93838,0.346512073999872,34.6512073999872
"607","question","Mother",26,29718,90441,0.328589909443726,32.8589909443726
"608","question","Mother",27,30396,87395,0.347800217403742,34.7800217403742
"609","question","Mother",28,33111,97122,0.340921727312041,34.0921727312041
"610","question","Mother",29,32536,95342,0.341255690042164,34.1255690042164
"611","question","Mother",30,31897,98335,0.324370773376722,32.4370773376722
"612","question","Mother",31,29415,95374,0.308417388386772,30.8417388386772
"613","question","Mother",32,25359,82575,0.307102633969119,30.7102633969119
"614","question","Mother",33,27592,88584,0.311478370811885,31.1478370811885
"615","question","Mother",34,26585,83610,0.317964358330343,31.7964358330343
"616","question","Mother",35,18396,58311,0.315480784071616,31.5480784071616
"617","question","Mother",36,33749,106074,0.3181646774893,31.81646774893
"618","question","Mother",37,13546,43599,0.31069519943118,31.069519943118
"619","question","Mother",38,10662,35276,0.302245152511623,30.2245152511623
"620","question","Mother",39,6719,22728,0.295626539950722,29.5626539950722
"621","question","Mother",40,5136,18464,0.278162911611785,27.8162911611785
"622","question","Mother",41,3622,13225,0.273875236294896,27.3875236294896
"623","question","Mother",42,3955,13930,0.28391959798995,28.391959798995
"624","question","Mother",43,3611,12588,0.286860502065459,28.6860502065459
"625","question","Mother",44,4674,15419,0.303132498865037,30.3132498865037
"626","question","Mother",45,6230,20397,0.305437074079521,30.5437074079521
"627","question","Mother",46,4546,16428,0.276722668614561,27.6722668614561
"628","question","Mother",47,3487,12004,0.2904865044985,29.0486504498501
"629","question","Mother",48,4812,17595,0.273486786018755,27.3486786018755
"630","question","Mother",49,3661,13461,0.271970878835153,27.1970878835153
"631","question","Mother",50,3854,13785,0.279579252811026,27.9579252811026
"632","question","Mother",51,2990,11408,0.262096774193548,26.2096774193548
"633","question","Mother",52,2909,9540,0.304926624737946,30.4926624737946
"634","question","Mother",53,3474,11138,0.311905189441551,31.1905189441551
"635","question","Mother",54,3186,11709,0.272098385857033,27.2098385857033
"636","question","Mother",55,2744,10087,0.272033310201249,27.2033310201249
"637","question","Mother",56,2815,9783,0.287744045793724,28.7744045793724
"638","question","Mother",57,13475,48625,0.277120822622108,27.7120822622108
"639","question","Mother",58,2829,10754,0.263064906081458,26.3064906081458
"640","question","Mother",59,3042,10908,0.278877887788779,27.8877887788779
"641","question","Mother",60,1369,4638,0.295170332039672,29.5170332039672
"642","question","Mother",61,693,2279,0.304080737165423,30.4080737165423
"643","question","Mother",62,823,2791,0.294876388391258,29.4876388391258
"644","question","Mother",63,825,2588,0.318778979907264,31.8778979907264
"645","question","Mother",64,979,3494,0.280194619347453,28.0194619347453
"646","question","Mother",65,706,2465,0.286409736308316,28.6409736308316
"647","question","Mother",66,1354,4603,0.294155985227026,29.4155985227026
"648","question","Mother",67,1656,6017,0.275220209406681,27.5220209406681
"649","question","Mother",68,884,3336,0.264988009592326,26.4988009592326
"650","question","Mother",69,1137,4649,0.244568724456872,24.4568724456872
"651","question","Mother",70,788,2970,0.265319865319865,26.5319865319865
"652","question","Mother",71,701,2371,0.295655841417124,29.5655841417124
"653","question","Target_Child",12,13,2046,0.00635386119257087,0.635386119257087
"654","question","Target_Child",13,51,3356,0.015196662693683,1.5196662693683
"655","question","Target_Child",14,87,16285,0.00534233957629721,0.534233957629721
"656","question","Target_Child",15,72,6140,0.0117263843648208,1.17263843648208
"657","question","Target_Child",16,519,9142,0.0567709472763072,5.67709472763072
"658","question","Target_Child",17,729,11354,0.0642064470671129,6.42064470671129
"659","question","Target_Child",18,1001,17697,0.0565632593094875,5.65632593094875
"660","question","Target_Child",19,937,23096,0.0405697956356079,4.05697956356079
"661","question","Target_Child",20,2054,26403,0.0777941900541605,7.77941900541605
"662","question","Target_Child",21,2469,28157,0.0876868984621941,8.76868984621941
"663","question","Target_Child",22,2945,27504,0.1070753344968,10.70753344968
"664","question","Target_Child",23,3732,43601,0.085594367101672,8.5594367101672
"665","question","Target_Child",24,10691,103637,0.103158138502658,10.3158138502658
"666","question","Target_Child",25,6279,75181,0.0835184421595882,8.35184421595882
"667","question","Target_Child",26,5496,71405,0.0769693999019676,7.69693999019677
"668","question","Target_Child",27,5963,76383,0.0780671091735072,7.80671091735072
"669","question","Target_Child",28,7314,80095,0.09131656158312,9.131656158312
"670","question","Target_Child",29,7990,87761,0.0910427182917241,9.10427182917241
"671","question","Target_Child",30,8872,89888,0.0987006051975792,9.87006051975792
"672","question","Target_Child",31,8783,83028,0.105783591077709,10.5783591077709
"673","question","Target_Child",32,8559,75626,0.113175362970407,11.3175362970407
"674","question","Target_Child",33,9106,78185,0.11646735307284,11.646735307284
"675","question","Target_Child",34,9086,76215,0.119215377550351,11.9215377550351
"676","question","Target_Child",35,6433,52360,0.122860962566845,12.2860962566845
"677","question","Target_Child",36,15537,118276,0.13136223747844,13.136223747844
"678","question","Target_Child",37,5033,42571,0.118226022409622,11.8226022409622
"679","question","Target_Child",38,4985,36910,0.135058249796803,13.5058249796803
"680","question","Target_Child",39,3650,26482,0.137829469073333,13.7829469073333
"681","question","Target_Child",40,3550,21432,0.165640164240388,16.5640164240388
"682","question","Target_Child",41,2624,19204,0.136638200374922,13.6638200374922
"683","question","Target_Child",42,2304,19500,0.118153846153846,11.8153846153846
"684","question","Target_Child",43,1898,13924,0.136311404768745,13.6311404768745
"685","question","Target_Child",44,2480,16205,0.153039185436594,15.3039185436594
"686","question","Target_Child",45,2467,18016,0.136933836589698,13.6933836589698
"687","question","Target_Child",46,2046,16309,0.125452204304372,12.5452204304372
"688","question","Target_Child",47,1658,12019,0.137948248606373,13.7948248606373
"689","question","Target_Child",48,2152,16877,0.127510813533211,12.7510813533211
"690","question","Target_Child",49,1566,11749,0.133287939399098,13.3287939399098
"691","question","Target_Child",50,1978,14762,0.133992683918168,13.3992683918168
"692","question","Target_Child",51,1409,10689,0.131817756572177,13.1817756572177
"693","question","Target_Child",52,1632,12507,0.1304869273207,13.04869273207
"694","question","Target_Child",53,1151,9217,0.12487794293154,12.487794293154
"695","question","Target_Child",54,1922,11796,0.162936588674127,16.2936588674127
"696","question","Target_Child",55,1537,10625,0.144658823529412,14.4658823529412
"697","question","Target_Child",56,1099,9222,0.119171546302321,11.9171546302321
"698","question","Target_Child",57,15476,86666,0.178570604389265,17.8570604389265
"699","question","Target_Child",58,1302,11772,0.110601427115189,11.0601427115189
"700","question","Target_Child",59,1533,10543,0.145404533813905,14.5404533813905
"701","question","Target_Child",60,1029,7196,0.142996108949416,14.2996108949416
"702","question","Target_Child",61,479,4646,0.10309944037882,10.309944037882
"703","question","Target_Child",62,822,5504,0.149345930232558,14.9345930232558
"704","question","Target_Child",63,416,3589,0.115909724157147,11.5909724157147
"705","question","Target_Child",64,326,2933,0.111148994203887,11.1148994203887
"706","question","Target_Child",65,294,2303,0.127659574468085,12.7659574468085
"707","question","Target_Child",66,449,3757,0.119510247537929,11.9510247537929
"708","question","Target_Child",67,593,5247,0.113016962073566,11.3016962073566
"709","question","Target_Child",68,345,3629,0.0950675117112152,9.50675117112152
"710","question","Target_Child",69,539,4885,0.110337768679632,11.0337768679632
"711","question","Target_Child",70,284,3162,0.0898165717900063,8.98165717900063
"712","question","Target_Child",71,211,2301,0.0916992611907866,9.16992611907866
